{
  "width": 905,
  "height": 556,
  "cx": [
    [ "MISSION", 390 ],
    [ "AVOIR", 390 ],
    [ "DEPENDRE", 264 ],
    [ "ASSOCIATIONS", 390 ],
    [ "DATE", 34 ],
    [ "SELECTIONNER", 146 ],
    [ "PAYS", 264 ],
    [ "CONCERNER", 390 ],
    [ "UTILISATEUR", 591 ],
    [ "POSSEDER", 711 ],
    [ "AGIR", 264 ],
    [ "PARTENARIATS", 390 ],
    [ "ROLE", 711 ],
    [ "LOGINTERVENTION", 831 ],
    [ "ENTREPRENDRE", 390 ],
    [ "ACTIONS", 512 ]
  ],
  "cy": [
    [ "MISSION", 43 ],
    [ "AVOIR", 127 ],
    [ "DEPENDRE", 219 ],
    [ "ASSOCIATIONS", 219 ],
    [ "DATE", 311 ],
    [ "SELECTIONNER", 311 ],
    [ "PAYS", 311 ],
    [ "CONCERNER", 311 ],
    [ "UTILISATEUR", 311 ],
    [ "POSSEDER", 311 ],
    [ "AGIR", 412 ],
    [ "PARTENARIATS", 412 ],
    [ "ROLE", 412 ],
    [ "LOGINTERVENTION", 412 ],
    [ "ENTREPRENDRE", 513 ],
    [ "ACTIONS", 513 ]
  ],
  "shift": [
    [ "AVOIR,ASSOCIATIONS,0", 0 ],
    [ "AVOIR,MISSION,0", 0 ],
    [ "DEPENDRE,ASSOCIATIONS,0", 0 ],
    [ "DEPENDRE,PAYS,0", 0 ],
    [ "SELECTIONNER,DATE,0", 0 ],
    [ "SELECTIONNER,PAYS,0", 0 ],
    [ "CONCERNER,PARTENARIATS,0", 0 ],
    [ "CONCERNER,ASSOCIATIONS,0", 0 ],
    [ "POSSEDER,UTILISATEUR,0", 0 ],
    [ "POSSEDER,ROLE,0", 0 ],
    [ "AGIR,PARTENARIATS,0", 0 ],
    [ "AGIR,PAYS,0", 0 ],
    [ "ENTREPRENDRE,PARTENARIATS,0", 0 ],
    [ "ENTREPRENDRE,ACTIONS,0", 0 ]
  ],
  "ratio": []
}
